[
  {
    "link": "",
    "short_link": "https://hashboard.ru/",
    "image": "hashboard.jpg",
    "hide": false,
    "title": {
      "ru": "#hashboard",
      "en": "#hashboard"
    },
    "description": {
      "ru": "Разработка клиентской части сервиса, состоящего из нескольких веб-приложений. Кроссбраузерная адаптивная вёрстка, локализация.",
      "en": "Client-side development of #hashboard service. Cross-browser code, responsive layout, Website localization."
    },
    "technologies": [
      "JQuery",
      "Bootstrap",
      "LESS"
    ]
  },
  {
    "link": "",
    "short_link": "https://new.hashboard.ru/play/?login=artik@hb.ru",
    "image": "hashboard-player.jpg",
    "hide": false,
    "title": {
      "ru": "#hashboard player",
      "en": "#hashboard player"
    },
    "description": {
      "ru": "Разработка клиентской части сервиса, состоящего из нескольких веб-приложений. Работа с HTML5 Audio/Video, полностью резиновая вёрстка, работа приложения в условиях плохого интернет-соединения, оптимизация фронтенда.",
      "en": "Client-side development of #hashboard service. This web application uses HTML5 Video and Audio, handles internet-connection troubles. Web site has a fluid layout."
    },
    "technologies": [
      "RequireJS",
      "JQuery",
      "REST"
    ]
  },
  {
    "link": "",
    "short_link": "https://new.hashboard.ru/cabinet/",
    "image": "hashboard-cabinet.jpg",
    "hide": false,
    "title": {
      "ru": "#hashboard cabinet",
      "en": "#hashboard cabinet"
    },
    "description": {
      "ru": "Разработка клиентской части сервиса, состоящего из нескольких веб-приложений. Локализация на клиенте, работа с HTML5 Audio/Video, связка AngularJS+RequireJS+REST API.",
      "en": "Client-side development of #hashboard service.  This web application uses client-side localization, HTML5 Audio/Video, the combination of AngularJS + RequireJS + REST API."
    },
    "technologies": [
      "AngularJS",
      "RequireJS",
      "REST"
    ]
  },
  {
    "link": "http://primepix.ru/portfolio/3-15/",
    "short_link": "http://3-15.ru/",
    "image": "m315.jpg",
    "hide": false,
    "title": {
      "ru": "Интернет-магазин наручных часов «3–15»",
      "en": "Watches online shop «3–15»"
    },
    "description": {
      "ru": "Вёрстка интернет-магазина на основе PSD-макетов, расширение Bootstrap-сетки, CSS3-анимации.",
      "en": "Front-end web development, extension of bootstrap grid, CSS3-transitions."
    },
    "technologies": [
      "AgularJS",
      "Bootstrap",
      "Bitrix"
    ]
  },
  {
    "link": "http://primepix.ru/portfolio/webasto/",
    "short_link": "http://webasto29.ru/",
    "image": "webasto.jpg",
    "hide": false,
    "title": {
      "ru": "WEBASTO — предпусковые обогреватели",
      "en": "WEBASTO"
    },
    "description": {
      "ru": "Вёрстка лендинга на основе PSD-макета, CSS3-анимации.",
      "en": "Front-end web development, CSS3-transitions."
    },
    "technologies": [
      "JQuery",
      "Bootstrap",
      "Bitrix"
    ]
  },
  {
    "link": "http://primepix.ru/portfolio/mgrabber/",
    "short_link": "http://pricereporter.ru/",
    "image": "pr.jpg",
    "hide": false,
    "title": {
      "ru": "Прайсрепортер",
      "en": "Pricereporter"
    },
    "description": {
      "ru": "Вёрстка и поддержка рекламного сайта, CSS3-анимации, JS-анимации.",
      "en": "Front-end web development and technical support of a commercial site"
    },
    "technologies": [
      "JQuery",
      "Bootstrap",
      "Bitrix"
    ]
  },
  {
    "link": "",
    "short_link": "http://bklyncommons.com/",
    "image": "bklyn.jpg",
    "hide": false,
    "title": {
      "ru": "BKLYN Commons",
      "en": "BKLYN Commons"
    },
    "description": {
      "ru": "Вёрстка лендинга для предприятия, предоставляющего в аренду рабочие пространства в Бруклине.",
      "en": "Front-end web development of a landing page."
    },
    "technologies": [
      "JQuery",
      "Bootstrap",
      "LESS"
    ]
  },
  {
    "link": "",
    "short_link": "/portfolio/park/",
    "image": "park.jpg",
    "hide": false,
    "title": {
      "ru": "Парк «Потешный двор»",
      "en": "Amusement Park"
    },
    "description": {
      "ru": "Вёрстка сайта для архангельского детского парка.",
      "en": "Front-end web development of a site."
    },
    "technologies": [
      "JQuery",
      "LESS",
      "HTML5"
    ]
  },
  {
    "link": "/portfolio/verona/",
    "short_link": "http://verona-for.me/",
    "image": "verona.jpg",
    "hide": false,
    "title": {
      "ru": "Итальянская мебель Verona",
      "en": "Verona"
    },
    "description": {
      "ru": "Вёрстка сайта для магазина кухонной мебели.",
      "en": "Front-end web development of a site for furniture factory."
    },
    "technologies": [
      "JQuery",
      "Bootstrap",
      "LESS"
    ]
  },
  {
    "link": "",
    "short_link": "/portfolio/seival/",
    "image": "seawhale.jpg",
    "hide": false,
    "title": {
      "ru": "Сейвал",
      "en": "Seawhale"
    },
    "description": {
      "ru": "Вёрстка адаптивного лендинга для кюринговой компании с использованием CSS3-анимаций.",
      "en": "Front-end web development of a landing page."
    },
    "technologies": [
      "JQuery",
      "Bootstrap",
      "LESS"
    ]
  },
  {
    "link": "",
    "short_link": "http://saloncreative.ru/",
    "image": "creative.jpg",
    "hide": false,
    "title": {
      "ru": "Салон красоты «Креатив»",
      "en": "Beauty Salon «Creative»"
    },
    "description": {
      "ru": "Вёрстка адаптивного сайта для Московского салона красоты.",
      "en": "Front-end web development of a site for beauty salon in Moscow."
    },
    "technologies": [
      "JQuery",
      "Bootstrap",
      "Bitrix"
    ]
  }
]