[
  {
    "image": "ajax.png",
    "title": "AJAX",
    "percent": 93
  },
  {
    "image": "angular.png",
    "title": "AngularJS",
    "percent": 94
  },
  {
    "image": "require.png",
    "title": "RequireJS",
    "percent": 90
  },
  {
    "image": "bootstrap.png",
    "title": "Bootstrap",
    "percent": 96
  },
  {
    "image": "css.png",
    "title": "CSS",
    "percent": 99
  },
  {
    "image": "git.png",
    "title": "GIT",
    "percent": 80
  },
  {
    "image": "html.png",
    "title": "HTML",
    "percent": 100
  },
  {
    "image": "jq.png",
    "title": "jQuery",
    "percent": 97
  },
  {
    "image": "js.png",
    "title": "JavaScript",
    "percent": 98
  },
  {
    "image": "less.png",
    "title": "less",
    "percent": 95
  },
  {
    "image": "mysql.png",
    "title": "MySQL",
    "percent": 91
  },
  {
    "image": "php.png",
    "title": "PHP",
    "percent": 92
  }
]